{
  "target_xyz": [
    605987,
    447923,
    21
  ],
  "imgver": 1010,
  "quadkey": "013313312121230230022",
  "wire_bytes": 23242,
  "current_key_bytes": 19759,
  "key_extension_needed": 3483,
  "tile_bbox_lon_lat": {
    "lon_min": 28.04912567138672,
    "lon_max": 28.049468994140625,
    "lat_min": -26.21784210205078,
    "lat_max": -26.217498779296875
  },
  "expected_jpg_path_pattern": "<savepath>/<task>/21/605987/ges_605987_447923_21.jpg",
  "geid_cli_bbox": {
    "L": 28.049091339111328,
    "R": 28.049503326416016,
    "T": -26.217464447021484,
    "B": -26.217876434326172
  }
}